{"cameraMode":{"drawMode":0,"name":"Shaded","section":"Shading Mode"},"sceneLighting":false,"audioPlay":false,"sceneViewState":{"showFog":true,"showMaterialUpdate":true,"showSkybox":true,"showFlares":true,"showImageEffects":true,"showParticleSystems":true},"in2DMode":false,"pivot":{"x":-4.931708812713623,"y":34.746726989746097,"z":-1.4334567785263062},"rotation":{"x":-0.7270280718803406,"y":-0.02738017775118351,"z":0.029013438150286676,"w":-0.6854687929153442},"size":94.02867126464844,"orthographic":false}